{"cameraMode":{"drawMode":0,"name":"Shaded","section":"Shading Mode"},"sceneLighting":false,"audioPlay":false,"sceneViewState":{"m_AlwaysRefresh":false,"showFog":true,"showSkybox":false,"showFlares":true,"showImageEffects":true,"showParticleSystems":true,"showVisualEffectGraphs":true,"m_FxEnabled":true},"in2DMode":false,"pivot":{"x":-37.38015365600586,"y":6.231515407562256,"z":-51.766273498535159},"rotation":{"x":0.12322290241718292,"y":-0.39881396293640139,"z":0.054972052574157718,"w":0.9072862863540649},"size":10.806474685668946,"orthographic":false}