{"cameraMode":{"drawMode":0,"name":"Shaded","section":"Shading Mode"},"sceneLighting":false,"audioPlay":false,"sceneViewState":{"m_AlwaysRefresh":false,"showFog":true,"showSkybox":false,"showFlares":true,"showImageEffects":true,"showParticleSystems":true,"showVisualEffectGraphs":true,"m_FxEnabled":true},"in2DMode":false,"pivot":{"x":-1.7336374521255494,"y":-0.2759425640106201,"z":-0.08232307434082031},"rotation":{"x":0.21236246824264527,"y":-0.1777646392583847,"z":0.04023550823330879,"w":0.9602654576301575},"size":2.933198928833008,"orthographic":false}